Ticker,Mean,Sigma,Upper,Lower,LastPrice,BuyZone,SellZone,UnderControl,Slope_5d,Trend_Robust,Actionability,Name,Price,Signal
ABNB,138.22899932861327,5.540960711750694,143.76996004036397,132.68803861686257,141.8699951171875,False,False,True,0.1229980468749832,FLAT,Neutral,"Airbnb, Inc.",141.87,NONE
ACGL,97.26099853515623,0.8478134872424199,98.10881202239868,96.41318504791384,98.06999969482422,False,False,True,0.024000549316393,FLAT,Neutral,Arch Capital Group Ltd.,98.07,NONE
ADBE,242.91800079345705,8.413366725576385,251.33136751903345,234.50463406788063,238.97999572753903,False,False,True,-0.3630004882812585,FLAT,Neutral,Adobe Inc.,238.98,NONE
ADP,198.2509994506836,4.339103223040891,202.5901026737245,193.9118962276427,198.52999877929688,False,False,True,-0.4580001831054694,FLAT,Neutral,"Automatic Data Processing, Inc.",198.53,NONE
ADSK,236.9020004272461,9.766011095063243,246.6680115223093,227.13598933218285,231.97999572753903,False,False,True,-1.7820007324218885,FLAT,Neutral,"Autodesk, Inc.",231.98,NONE
AEE,111.53399887084962,1.2685794822803325,112.80257835312996,110.26541938856928,112.0500030517578,False,False,True,-0.3349990844726697,DOWN,Neutral,Ameren Corporation,112.05,NONE
AEP,134.07000122070312,1.4894765650524144,135.55947778575555,132.5805246556507,135.0800018310547,False,False,True,0.1179992675781136,FLAT,Neutral,American Electric Power Company,135.08,NONE
AFL,113.65,1.663657652200189,115.3136576522002,111.98634234779982,115.12000274658205,False,False,True,0.1280014038085736,FLAT,Neutral,AFLAC Incorporated,115.12,NONE
AJG,221.2830017089844,3.1908313751940227,224.4738330841784,218.0921703337904,219.3699951171875,False,False,True,-0.6440017700195513,FLAT,Neutral,Arthur J. Gallagher & Co.,219.37,NONE
AKAM,94.71999969482422,3.301442423405986,98.0214421182302,91.41855727141824,96.18000030517578,False,False,True,0.0069999694824212,FLAT,Neutral,"Akamai Technologies, Inc.",96.18,NONE
ALB,192.8289993286133,10.89447419944107,203.7234735280544,181.9345251291722,193.13999938964844,False,False,True,-0.9830001831054802,FLAT,Neutral,Albemarle Corporation,193.14,NONE
ALGN,187.37000122070316,6.944453221143285,194.3144544418464,180.42554799955985,190.6699981689453,False,False,True,0.5589981079101319,FLAT,Neutral,"Align Technology, Inc.",190.67,NONE
ALL,215.1429992675781,1.9410974194110169,217.08409668698917,213.2019018481671,216.55999755859372,False,False,True,-0.0190002441406542,FLAT,Neutral,Allstate Corporation (The),216.56,NONE
AME,233.61600189208983,2.4912011602946054,236.10720305238445,231.1248007317953,235.0,False,False,True,-0.887998962402392,DOWN,Neutral,"AMETEK, Inc.",235.0,NONE
AMGN,349.4260009765625,2.892652635160601,352.3186536117231,346.53334834140185,348.6199951171875,False,False,True,-1.759997558593736,DOWN,Neutral,Amgen Inc.,348.62,NONE
AMP,459.2529998779297,6.469017076085936,465.72201695401566,452.78398280184376,459.6300048828125,False,False,True,1.877999877929636,UP,Neutral,"Ameriprise Financial, Inc.",459.63,NONE
AMT,178.2766342163086,2.3916160340156014,180.6682502503242,175.88501818229298,179.00999450683594,False,False,True,-1.2050018310547062,DOWN,Neutral,American Tower Corporation (REI,179.01,NONE
AON,327.38999633789064,6.867349323011686,334.2573456609024,320.52264701487894,323.5599975585937,False,False,True,-2.1570007324219,DOWN,Neutral,Aon plc,323.56,NONE
AOS,65.19899864196778,1.2901206151945186,66.4891192571623,63.90887802677326,65.08999633789062,False,False,True,-0.0250007629394578,FLAT,Neutral,A.O. Smith Corporation,65.09,NONE
APH,148.47899932861327,3.5420516623462928,152.02105099095957,144.93694766626697,150.17999267578125,False,False,True,-0.6440002441406306,FLAT,Neutral,Amphenol Corporation,150.18,NONE
APTV,59.65800018310547,1.1120733426715643,60.77007352577704,58.54592684043391,60.40999984741211,False,False,True,0.1610000610351485,FLAT,Neutral,Aptiv PLC,60.41,NONE
ARE,46.57600059509277,2.098778622292171,48.67477921738495,44.4772219728006,46.380001068115234,False,False,True,-0.6829998016357464,DOWN,Neutral,Alexandria Real Estate Equities,46.38,NONE
ATO,186.6509979248047,2.4003080066454183,189.0513059314501,184.25068991815928,187.80999755859372,False,False,True,-0.1199981689453429,FLAT,Neutral,Atmos Energy Corporation,187.81,NONE
AVB,171.8300003051758,2.177225568522692,174.00722587369847,169.6527747366531,173.35000610351562,False,False,True,-0.6129989624023567,DOWN,Neutral,"AvalonBay Communities, Inc.",173.35,NONE
AVY,169.70700073242188,2.361157484907637,172.0681582173295,167.34584324751424,167.42999267578125,False,False,True,-1.516999816894535,DOWN,Neutral,Avery Dennison Corporation,167.43,NONE
AWK,132.90400085449218,2.1770894949214954,135.08109034941367,130.7269113595707,134.97000122070312,False,False,True,0.4600006103515556,FLAT,Neutral,"American Water Works Company, I",134.97,NONE
AXON,388.9,20.68166759150093,409.5816675915009,368.2183324084991,392.6400146484375,False,False,True,-2.1019989013672102,FLAT,Neutral,"Axon Enterprise, Inc.",392.64,NONE
AZO,3542.737963867188,56.92092168676189,3599.6588855539494,3485.817042180425,3597.199951171875,False,False,True,5.713012695311718,FLAT,Neutral,"AutoZone, Inc.",3597.2,NONE
BALL,63.318999481201175,0.6502390411359932,63.969238522337164,62.66876044006519,63.119998931884766,False,False,True,-0.4080009460449199,DOWN,Neutral,Ball Corporation,63.12,NONE
BAX,18.08699970245361,0.5622780512071939,18.649277753660808,17.52472165124642,18.40999984741211,False,False,True,-0.1129999160766616,FLAT,Neutral,Baxter International Inc.,18.41,NONE
BDX,156.00899963378907,1.5103506312890944,157.51935026507817,154.49864900249997,154.85000610351562,False,False,True,-1.036997985839853,DOWN,Neutral,"Becton, Dickinson and Company",154.85,NONE
BEN,26.673999786376957,0.8611645446323024,27.535164331009256,25.81283524174465,26.81999969482422,False,False,True,-0.1140001296997106,FLAT,Neutral,"Franklin Resources, Inc.",26.82,NONE
BK,133.37099914550782,3.3680058978244234,136.73900504333224,130.0029932476834,135.4199981689453,False,False,True,0.1149993896484352,FLAT,Neutral,The Bank of New York Mellon Cor,135.42,NONE
BKNG,183.31299896240236,6.77266929798807,190.0856682603904,176.54032966441426,176.75,False,False,True,-4.314999389648454,DOWN,Neutral,Booking Holdings Inc. Common St,176.75,NONE
BLK,1041.0419982910155,19.256567141589088,1060.2985654326048,1021.7854311494266,1053.469970703125,False,False,True,1.6709838867186382,FLAT,Neutral,"BlackRock, Inc.",1053.47,NONE
BMY,58.81199989318848,0.6938581129307512,59.505858006119226,58.11814178025773,59.02000045776367,False,False,True,-0.2629997253418047,DOWN,Neutral,Bristol-Myers Squibb Company,59.02,NONE
BR,159.29999847412108,3.6495851586510537,162.94958363277215,155.65041331547002,155.9499969482422,False,False,True,-1.458000183105493,DOWN,Neutral,"Broadridge Financial Solutions,",155.95,NONE
BRO,67.51800003051758,1.1007541633164677,68.61875419383405,66.41724586720112,67.55000305175781,False,False,True,-0.0239997863769621,FLAT,Neutral,"Brown & Brown, Inc.",67.55,NONE
BX,125.99300155639648,4.904657799226846,130.89765935562332,121.08834375716964,122.33000183105467,False,False,True,-1.2760009765625144,DOWN,Neutral,Blackstone Inc.,122.33,NONE
BXP,56.44499969482422,2.0833748283629485,58.52837452318717,54.36162486646127,57.0,False,False,True,-0.2719997406005893,FLAT,Neutral,"BXP, Inc.",57.0,NONE
C,129.64299774169922,2.7218131641203627,132.36481090581958,126.92118457757886,128.50999450683594,False,False,True,-1.0660003662109512,DOWN,Neutral,"Citigroup, Inc.",128.51,NONE
CAG,14.606999969482422,0.3140435735783777,14.9210435430608,14.292956395904044,14.40999984741211,False,False,True,-0.1210000038146989,DOWN,Neutral,"ConAgra Brands, Inc.",14.41,NONE
CARR,61.74500045776367,1.927954448030484,63.67295490579416,59.81704600973319,61.540000915527344,False,False,True,-0.0559997558593726,FLAT,Neutral,Carrier Global Corporation,61.54,NONE
CBOE,301.2529998779297,3.953650683826949,305.20665056175665,297.2993491941028,300.1199951171875,False,False,True,-0.6589996337890962,FLAT,Neutral,"Cboe Global Markets, Inc.",300.12,NONE
CBRE,148.6300018310547,3.5979534439270773,152.22795527498178,145.03204838712762,149.30999755859375,False,False,True,-0.3479995727539197,FLAT,Neutral,CBRE Group Inc,149.31,NONE
CCI,86.68599929809571,1.093711333458531,87.77971063155424,85.59228796463718,87.5199966430664,False,False,True,-0.3930000305175852,DOWN,Neutral,Crown Castle Inc.,87.52,NONE
CDNS,305.85999755859376,19.535448762156207,325.39544632074995,286.3245487964376,314.3299865722656,False,False,True,1.9709960937499795,FLAT,Neutral,"Cadence Design Systems, Inc.",314.33,NONE
CDW,134.14600067138673,5.2937917022716405,139.43979237365838,128.85220896911508,136.47000122070312,False,False,True,1.0609985351562343,FLAT,Neutral,CDW Corporation,136.47,NONE
CE,65.16000022888184,2.016316340765905,67.17631656964775,63.14368388811594,65.2300033569336,False,False,True,0.8310012817382725,UP,Neutral,Celanese Corporation,65.23,NONE
CEG,291.01000061035154,6.378417548010458,297.388418158362,284.63158306234106,292.7699890136719,False,False,True,-0.7279998779297098,FLAT,Neutral,Constellation Energy Corporatio,292.77,NONE
CFG,64.92400131225585,0.4847048226103539,65.40870613486621,64.4392964896455,65.16999816894531,False,False,True,0.0840003967285158,FLAT,Neutral,"Citizens Financial Group, Inc.",65.17,NONE
CHD,94.92699966430663,1.2684549770378175,96.19545464134444,93.65854468726882,94.58000183105467,False,False,True,-0.8249992370605496,DOWN,Neutral,"Church & Dwight Company, Inc.",94.58,NONE
CHRW,176.25300140380858,8.75382417651674,185.0068255803253,167.49917722729185,183.7400054931641,False,False,True,0.1400009155273205,FLAT,Neutral,"C.H. Robinson Worldwide, Inc.",183.74,NONE
CL,83.36884384155273,0.9298010738000264,84.29864491535275,82.43904276775271,83.72000122070312,False,False,True,-0.4299995422363337,DOWN,Neutral,Colgate-Palmolive Company,83.72,NONE
CMS,77.42100067138672,1.397404145532887,78.81840481691961,76.02359652585383,76.62000274658203,False,False,True,-0.4319992065429705,DOWN,Neutral,CMS Energy Corporation,76.62,NONE
CNP,42.795999908447264,0.4206662329564686,43.216666141403735,42.37533367549079,43.18000030517578,False,False,True,-0.0220001220703112,FLAT,Neutral,"CenterPoint Energy, Inc (Holdin",43.18,NONE
COF,200.48200073242188,4.143082469416255,204.62508320183807,196.33891826300564,196.6300048828125,False,False,True,-2.596000671386709,DOWN,Neutral,Capital One Financial Corporati,196.63,NONE
CPB,20.696999931335448,0.4040365237733905,21.10103645510884,20.292963407562056,20.959999084472656,False,False,True,-0.0500001907348653,FLAT,Neutral,The Campbell's Company,20.96,NONE
CPT,102.06600036621094,1.3063885517129428,103.37238891792389,100.759611814498,102.43000030517578,False,False,True,-0.5220001220703248,DOWN,Neutral,Camden Property Trust,102.43,NONE
CRM,178.6530029296875,8.01213577071061,186.6651387003981,170.64086715897687,173.3000030517578,False,False,True,-1.4149993896484474,FLAT,Neutral,"Salesforce, Inc.",173.3,NONE
CRWD,422.788998413086,26.56231847676669,449.3513168898526,396.2266799363193,445.3900146484375,False,False,True,7.6410003662109,UP,Neutral,"CrowdStrike Holdings, Inc.",445.39,NONE
CSCO,85.60899963378907,3.178022777602547,88.78702241139162,82.43097685618652,88.58999633789062,False,False,True,0.6769996643066241,FLAT,Neutral,"Cisco Systems, Inc.",88.59,NONE
CSGP,38.5330005645752,1.3080188711469838,39.84101943572218,37.22498169342821,37.380001068115234,False,False,True,-0.597000122070315,DOWN,Neutral,"CoStar Group, Inc.",37.38,NONE
CTAS,176.71299896240234,1.5084148112990177,178.22141377370136,175.20458415110332,177.6199951171875,False,False,True,-0.7130004882812481,DOWN,Neutral,Cintas Corporation,177.62,NONE
D,62.49700050354004,1.0093131422101838,63.50631364575022,61.487687361329854,62.52000045776367,False,False,True,-0.1069995880126977,FLAT,Neutral,"Dominion Energy, Inc.",62.52,NONE
DAL,69.83800048828125,1.816911545720828,71.65491203400208,68.02108894256043,68.37000274658203,False,False,True,-0.9499992370605552,DOWN,Neutral,"Delta Air Lines, Inc.",68.37,NONE
DD,46.72999992370605,0.4770743025333609,47.20707422623941,46.25292562117269,46.369998931884766,False,False,True,-0.2979999542236375,DOWN,Neutral,"DuPont de Nemours, Inc.",46.37,NONE
DE,590.9130004882812,9.233796911617786,600.146797399899,581.6792035766634,591.9500122070312,False,False,True,-1.1550048828125807,FLAT,Neutral,Deere & Company,591.95,NONE
DG,122.21199951171874,3.370184981816981,125.58218449353572,118.84181452990175,122.05999755859376,False,False,True,-1.2500007629394687,DOWN,Neutral,Dollar General Corporation,122.06,NONE
DGX,196.1360000610352,5.096138723172282,201.23213878420745,191.03986133786287,199.52999877929688,False,False,True,1.6709991455077946,UP,Neutral,Quest Diagnostics Incorporated,199.53,NONE
DIS,103.52300033569335,2.194408415017777,105.71740875071112,101.32859192067558,103.6500015258789,False,False,True,-0.6760002136230534,DOWN,Neutral,Walt Disney Company (The),103.65,NONE
DLR,198.09100036621092,4.96436577645232,203.05536614266327,193.12663458975865,200.0,False,False,True,-1.028999328613282,FLAT,Neutral,"Digital Realty Trust, Inc.",200.0,NONE
DLTR,102.48400039672852,2.507748673226744,104.99174906995526,99.97625172350178,102.25,False,False,True,-1.263999938964845,DOWN,Neutral,"Dollar Tree, Inc.",102.25,NONE
DOW,38.50599975585938,1.372566230231128,39.87856598609051,37.13343352562825,38.52999877929688,False,False,True,0.7900001525878876,UP,Neutral,Dow Inc.,38.53,NONE
DTE,146.59399871826173,1.8876246169092747,148.481623335171,144.70637410135245,147.39999389648438,False,False,True,-0.1459991455078222,FLAT,Neutral,DTE Energy Company,147.4,NONE
DUK,128.34299850463867,1.986810662962836,130.3298091676015,126.35618784167583,128.0399932861328,False,False,True,-0.2590011596679762,FLAT,Neutral,Duke Energy Corporation (Holdin,128.04,NONE
DXCM,63.01699981689453,1.070919151848544,64.08791896874308,61.94608066504599,62.70000076293945,False,False,True,-0.377000045776375,DOWN,Neutral,"DexCom, Inc.",62.7,NONE
EBAY,102.21300048828124,3.719120824017952,105.9321213122992,98.4938796642633,103.4000015258789,False,False,True,-0.4000000000000057,FLAT,Neutral,eBay Inc.,103.4,NONE
ECL,272.29200134277346,2.474616383114256,274.7666177258877,269.8173849596592,271.45001220703125,False,False,True,-1.3449951171875485,DOWN,Neutral,Ecolab Inc.,271.45,NONE
ED,110.42999954223632,1.6488378173347884,112.07883735957112,108.78116172490154,110.25,False,False,True,-0.1340003967285376,FLAT,Neutral,"Consolidated Edison, Inc.",110.25,NONE
EIX,71.42099990844727,1.8168748777399024,73.23787478618718,69.60412503070737,70.33999633789062,False,False,True,-0.2020011901855569,FLAT,Neutral,Edison International,70.34,NONE
EL,75.85499954223633,1.415425044110114,77.27042458634644,74.43957449812622,76.4000015258789,False,False,True,-0.0789985656738375,FLAT,Neutral,"Estee Lauder Companies, Inc. (T",76.4,NONE
EMR,143.67200164794923,2.1977283461282773,145.86972999407752,141.47427330182094,142.44000244140625,False,False,True,-1.1820007324218993,DOWN,Neutral,Emerson Electric Company,142.44,NONE
EOG,132.5946258544922,2.405653781788807,135.000279636281,130.1889720727034,133.8699951171875,False,False,True,1.4729995727539047,UP,Neutral,"EOG Resources, Inc.",133.87,NONE
EQR,61.738000106811526,0.9287723723881448,62.66677247919967,60.80922773442338,62.650001525878906,False,False,True,-0.1789997100830143,FLAT,Neutral,Equity Residential,62.65,NONE
ES,68.60100021362305,0.9687956127628918,69.56979582638594,67.63220460086016,68.7699966430664,False,False,True,-0.2420005798339917,FLAT,Neutral,Eversource Energy (D/B/A),68.77,NONE
ESS,252.4070022583008,3.1645483036075213,255.5715505619083,249.24245395469327,255.05999755859372,False,False,True,-0.6170013427734532,FLAT,Neutral,"Essex Property Trust, Inc.",255.06,NONE
ETR,114.26399993896484,1.981336296809863,116.2453362357747,112.282663642155,113.91999816894533,False,False,True,-0.6389999389648497,DOWN,Neutral,Entergy Corporation,113.92,NONE
ETSY,60.23600006103516,4.618872553179924,64.85487261421508,55.61712750785523,63.47999954223633,False,False,True,0.5039993286132768,FLAT,Neutral,"Etsy, Inc.",63.48,NONE
EVRG,81.74099960327149,1.0952473960360545,82.83624699930755,80.64575220723543,81.88999938964844,False,False,True,-0.2990005493164157,DOWN,Neutral,"Evergy, Inc.",81.89,NONE
EW,79.48300018310547,1.4274298952885105,80.91043007839399,78.05557028781696,79.72000122070312,False,False,True,-0.2449996948242281,FLAT,Neutral,Edwards Lifesciences Corporatio,79.72,NONE
EXC,47.31500053405762,0.9960280488785044,48.311028582936125,46.31897248517911,46.75,False,False,True,-0.1080001831054739,FLAT,Neutral,Exelon Corporation,46.75,NONE
EXPE,255.65899810791012,14.54270381128317,270.20170191919334,241.116294296627,250.3699951171875,False,False,True,-3.957998657226585,DOWN,Neutral,"Expedia Group, Inc.",250.37,NONE
EXR,142.26499786376954,2.470193234059129,144.73519109782868,139.7948046297104,142.66000366210938,False,False,True,-1.105999755859386,DOWN,Neutral,Extra Space Storage Inc,142.66,NONE
F,12.577999877929688,0.2693531389288698,12.847353016858555,12.30864673900082,12.479999542236328,False,False,True,-0.1020000457763694,DOWN,Neutral,Ford Motor Company,12.48,NONE
FAST,45.601000213623045,1.360158083311764,46.96115829693481,44.24084213031128,45.45000076293945,False,False,True,-0.1409996032714862,FLAT,Neutral,Fastenal Company,45.45,NONE
FDS,230.39000244140624,8.87854694044407,239.2685493818503,221.51145550096217,228.0800018310547,False,False,True,-0.2459991455078117,FLAT,Neutral,FactSet Research Systems Inc.,228.08,NONE
FDX,382.1280059814453,11.219245526118112,393.3472515075634,370.9087604553272,392.6900024414063,False,False,True,-0.7190002441406957,FLAT,Neutral,FedEx Corporation,392.69,NONE
FE,50.07599983215332,1.0515621409119218,51.12756197306524,49.0244376912414,49.619998931884766,False,False,True,-0.1979999542236364,FLAT,Neutral,FirstEnergy Corp.,49.62,NONE
FFIV,304.1720001220703,8.842495663312853,313.01449578538313,295.32950445875747,299.8900146484375,False,False,True,-2.477996826171887,DOWN,Neutral,"F5, Inc.",299.89,NONE
FICO,1015.4860107421875,48.98293423690944,1064.468944979097,966.5030765052782,979.760009765625,False,False,True,-28.07600708007821,DOWN,Neutral,Fair Isaac Corporation,979.76,NONE
FOX,57.34050025939941,1.1197236335398004,58.46022389293921,56.220776625859614,57.7400016784668,False,False,True,-0.099999618530281,FLAT,Neutral,Fox Corporation,57.74,NONE
FOXA,63.92799911499024,1.3533144229771426,65.28131353796738,62.57468469201309,64.52999877929688,False,False,True,-0.0270004272461011,FLAT,Neutral,Fox Corporation,64.53,NONE
FRT,110.60599975585936,1.2334250892409755,111.83942484510035,109.3725746666184,111.5,False,False,True,-0.4260002136230599,DOWN,Neutral,Federal Realty Investment Trust,111.5,NONE
FSLR,194.5720016479492,5.575065200226665,200.14706684817588,188.99693644772253,196.19000244140625,False,False,True,0.7720001220702917,FLAT,Neutral,"First Solar, Inc.",196.19,NONE
FTNT,81.57299880981445,3.180021830667988,84.75302064048243,78.39297697914647,82.76000213623047,False,False,True,0.6330009460449149,FLAT,Neutral,"Fortinet, Inc.",82.76,NONE
GEN,19.44099998474121,0.7800209602953692,20.22102094503658,18.66097902444584,18.809999465942383,False,False,True,-0.3050003051757829,DOWN,Neutral,Gen Digital Inc.,18.81,NONE
GIS,35.11500015258789,0.401365187167004,35.51636533975489,34.71363496542089,35.470001220703125,False,False,True,-0.0149997711181643,FLAT,Neutral,"General Mills, Inc.",35.47,NONE
GLW,168.7050018310547,3.5469367954597004,172.2519386265144,165.15806503559497,169.5,False,False,True,1.3619979858398368,UP,Neutral,Corning Incorporated,169.5,NONE
GM,78.6970001220703,1.528856272249942,80.22585639432025,77.16814384982037,78.5199966430664,False,False,True,-0.7140007019043043,DOWN,Neutral,General Motors Company,78.52,NONE
GOOG,331.34999694824216,7.941901232903603,339.29189818114577,323.40809571533856,337.75,False,False,True,-0.0969970703125405,FLAT,Neutral,Alphabet Inc.,337.75,NONE
GOOGL,333.4200012207031,8.023510536363181,341.4435117570663,325.39649068433994,338.8900146484375,False,False,True,-0.3679962158203366,FLAT,Neutral,Alphabet Inc.,338.89,NONE
GPC,111.17300033569336,2.1915183426758067,113.36451867836917,108.98148199301755,109.79000091552734,False,False,True,-0.8849998474121213,DOWN,Neutral,Genuine Parts Company,109.79,NONE
GPN,69.94599990844726,2.3635292684952605,72.30952917694252,67.582470639952,67.86000061035156,False,False,True,-1.0230003356933648,DOWN,Neutral,Global Payments Inc.,67.86,NONE
GRMN,264.0959991455078,3.388956391713312,267.4849555372211,260.7070427537945,260.79998779296875,False,False,True,-1.4170043945312718,DOWN,Neutral,Garmin Ltd.,260.8,NONE
GS,916.8089965820312,17.407808703156665,934.216805285188,899.4011878788746,931.2999877929688,False,False,True,0.3799987792967984,FLAT,Neutral,"Goldman Sachs Group, Inc. (The)",931.3,NONE
GWW,1158.2180053710938,12.08289794732846,1170.3009033184223,1146.1351074237652,1164.9100341796875,False,False,True,-0.4979736328124992,FLAT,Neutral,"W.W. Grainger, Inc.",1164.91,NONE
HBAN,16.735999870300294,0.2060312283420379,16.94203109864233,16.529968641958256,16.829999923706055,False,False,True,-0.0280000686645518,FLAT,Neutral,Huntington Bancshares Incorpora,16.83,NONE
HCA,484.5779998779297,10.644538397222272,495.222538275152,473.9334614807074,474.0299987792969,False,False,True,-3.4730010986328006,DOWN,Neutral,"HCA Healthcare, Inc.",474.03,NONE
HD,342.1239990234375,4.769626901403217,346.8936259248407,337.35437212203425,340.1600036621094,False,False,True,-2.996997070312548,DOWN,Neutral,"Home Depot, Inc. (The)",340.16,NONE
HLT,333.34400329589846,6.376436969470319,339.7204402653688,326.96756632642814,334.2799987792969,False,False,True,-2.2720001220703616,DOWN,Neutral,Hilton Worldwide Holdings Inc.,334.28,NONE
HPE,26.41299991607666,1.7098477958725158,28.122847711949177,24.703152120204145,27.93000030517578,False,False,True,0.3680000305175773,FLAT,Neutral,Hewlett Packard Enterprise Comp,27.93,NONE
HPQ,19.65699977874756,0.797162373706755,20.454162152454312,18.859837405040803,20.13999938964844,False,False,True,0.1370000839233396,FLAT,Neutral,HP Inc.,20.14,NONE
HSIC,77.63099899291993,1.2530904090529342,78.88408940197286,76.377908583867,78.22000122070312,False,False,True,-0.2260002136230596,FLAT,Neutral,"Henry Schein, Inc.",78.22,NONE
HST,20.80300025939941,0.3820721483611654,21.18507240776058,20.42092811103825,21.06999969482422,False,False,True,-0.0540002822875989,FLAT,Neutral,"Host Hotels & Resorts, Inc.",21.07,NONE
HSY,193.43899993896488,4.377987511521504,197.81698745048635,189.06101242744336,192.1000061035156,False,False,True,-0.3860000610351791,FLAT,Neutral,The Hershey Company,192.1,NONE
HWM,251.4550018310547,5.550770855562877,257.00577268661755,245.9042309754918,246.16000366210935,False,False,True,-3.379998779296893,DOWN,Neutral,Howmet Aerospace Inc.,246.16,NONE
INTC,65.73199996948242,1.9083776225062568,67.64037759198867,63.82362234697616,66.77999877929688,False,False,True,-0.3870002746582113,FLAT,Neutral,Intel Corporation,66.78,NONE
INTU,385.8919952392578,18.77100897390132,404.6630042131591,367.1209862653565,383.2999877929688,False,False,True,-1.6050018310547405,FLAT,Neutral,Intuit Inc.,383.3,NONE
IR,85.37199935913085,1.6589420655121072,87.03094142464296,83.71305729361875,84.94999694824219,False,False,True,-0.4010017395019617,FLAT,Neutral,Ingersoll Rand Inc.,84.95,NONE
IRM,115.63400115966796,3.368976756422257,119.00297791609025,112.26502440324572,116.12000274658205,False,False,True,-0.7199989318847875,FLAT,Neutral,Iron Mountain Incorporated (Del,116.12,NONE
IT,153.0470001220703,4.647028018659978,157.69402814073027,148.3999721034103,148.60000610351562,False,False,True,-1.1179977416992404,FLAT,Neutral,"Gartner, Inc.",148.6,NONE
ITW,270.3489990234375,3.44571825867144,273.79471728210893,266.90328076476607,273.1300048828125,False,False,True,-0.3850006103516047,FLAT,Neutral,Illinois Tool Works Inc.,273.13,NONE
J,126.9589988708496,2.0342509637678354,128.99324983461744,124.92474790708178,127.58000183105467,False,False,True,-0.4019973754882885,FLAT,Neutral,Jacobs Solutions Inc.,127.58,NONE
JCI,140.5270004272461,1.9547596986549511,142.48176012590105,138.57224072859114,141.72999572753906,False,False,True,0.0550003051757589,FLAT,Neutral,Johnson Controls International ,141.73,NONE
JKHY,152.747998046875,2.6189221088402883,155.3669201557153,150.12907593803473,150.60000610351562,False,False,True,-0.4909973144531356,FLAT,Neutral,"Jack Henry & Associates, Inc.",150.6,NONE
JNJ,233.7510009765625,5.167745331189592,238.9187463077521,228.5832556453729,230.6499938964844,False,False,True,-1.1649993896484565,FLAT,Neutral,Johnson & Johnson,230.65,NONE
JPM,311.5539978027344,2.927883449466403,314.4818812522008,308.626114353268,311.69000244140625,False,False,True,-0.1170013427734727,FLAT,Neutral,JP Morgan Chase & Co.,311.69,NONE
KEY,21.8189998626709,0.2496424936060952,22.068642356277,21.569357369064804,22.01000022888184,False,False,True,0.0270002365112285,FLAT,Neutral,KeyCorp,22.01,NONE
KHC,22.270999717712403,0.3658004836599836,22.636800201372388,21.905199234052414,21.96999931335449,False,False,True,-0.1319999694824237,DOWN,Neutral,The Kraft Heinz Company,21.97,NONE
KIM,23.65500011444092,0.3296209328833123,23.98462104732423,23.325379181557604,23.84000015258789,False,False,True,-0.1190000534057621,DOWN,Neutral,Kimco Realty Corporation (HC),23.84,NONE
KMB,97.4479995727539,0.8218245260556359,98.26982409880954,96.62617504669826,97.93000030517578,False,False,True,-0.3609992980957102,DOWN,Neutral,Kimberly-Clark Corporation,97.93,NONE
KMI,31.896000099182128,0.3186151754369999,32.21461527461913,31.57738492374513,31.729999542236328,False,False,True,-0.0710002899169932,FLAT,Neutral,"Kinder Morgan, Inc.",31.73,NONE
KMX,41.71700057983399,3.428479412996695,45.14547999283068,38.28852116683729,38.54999923706055,False,False,True,-0.5740001678466854,FLAT,Neutral,CarMax Inc,38.55,NONE
KO,75.7099998474121,0.8582812713376746,76.56828111874978,74.85171857607443,76.27999877929688,False,False,True,0.0229995727539006,FLAT,Neutral,Coca-Cola Company (The),76.28,NONE
KVUE,17.403999710083006,0.1241148364564782,17.528114546539484,17.27988487362653,17.489999771118164,False,False,True,-0.0510002136230483,DOWN,Neutral,Kenvue Inc.,17.49,NONE
LH,267.7899993896484,3.915802073107346,271.70580146275574,263.8741973165411,264.9200134277344,False,False,True,-0.8089965820312806,FLAT,Neutral,Labcorp Holdings Inc.,264.92,NONE
LLY,918.9620056152344,11.97980666390274,930.9418122791373,906.9821989513316,917.6500244140624,False,False,True,-1.7180053710938386,FLAT,Neutral,Eli Lilly and Company,917.65,NONE
LNT,72.28199996948243,0.7037328659121981,72.98573283539463,71.57826710357023,72.62999725341797,False,False,True,-0.184001159667972,DOWN,Neutral,Alliant Energy Corporation,72.63,NONE
LOW,246.4609817504883,3.573260073203133,250.03424182369145,242.8877216772852,246.5399932861328,False,False,True,-1.484490966796906,DOWN,Neutral,"Lowe's Companies, Inc.",246.54,NONE
LW,43.96499938964844,1.219410561923843,45.184409951572285,42.7455888277246,43.93999862670898,False,False,True,-0.2750003814697374,FLAT,Neutral,"Lamb Weston Holdings, Inc.",43.94,NONE
LYB,71.98899993896484,2.895301441687236,74.88430138065208,69.0936984972776,70.72000122070312,False,False,True,1.2320007324218671,UP,Neutral,LyondellBasell Industries NV,70.72,NONE
MAA,125.50648422241213,1.9002804004323213,127.40676462284443,123.6062038219798,126.0,False,False,True,-0.8760009765625124,DOWN,Neutral,Mid-America Apartment Communiti,126.0,NONE
MAR,367.3990020751953,8.03911090650086,375.4381129816962,359.35989116869445,368.239990234375,False,False,True,-3.097000122070332,DOWN,Neutral,Marriott International,368.24,NONE
MCD,304.93699951171874,3.229460854973205,308.1664603666919,301.7075386567456,302.5299987792969,False,False,True,-2.452996826171859,DOWN,Neutral,McDonald's Corporation,302.53,NONE
MCO,449.4230010986328,11.897931333838756,461.3209324324716,437.52506976479407,452.3500061035156,False,False,True,0.0809997558592947,FLAT,Neutral,Moody's Corporation,452.35,NONE
MDLZ,57.26300048828125,0.8794443721469009,58.14244486042815,56.38355611613435,57.709999084472656,False,False,True,-0.0330001831054764,FLAT,Neutral,"Mondelez International, Inc.",57.71,NONE
MDT,85.62800064086915,2.0964456658025474,87.7244463066717,83.5315549750666,83.79000091552734,False,False,True,-0.6580001831054801,DOWN,Neutral,Medtronic plc.,83.79,NONE
MET,76.61799926757813,1.2882447599887803,77.90624402756691,75.32975450758934,76.05999755859375,False,False,True,-0.4770004272460983,DOWN,Neutral,"MetLife, Inc.",76.06,NONE
META,663.75,18.472453548292368,682.2224535482924,645.2775464517076,659.1500244140625,False,False,True,-5.498992919921973,DOWN,Neutral,"Meta Platforms, Inc.",659.15,NONE
MGM,38.29300041198731,1.0061156679791765,39.29911607996648,37.28688474400813,38.93999862670898,False,False,True,0.053999710083005,FLAT,Neutral,MGM Resorts International,38.94,NONE
MHK,106.38500061035155,2.6701195184109454,109.05512012876252,103.71488109194064,108.2699966430664,False,False,True,-0.2230010986328249,FLAT,Neutral,"Mohawk Industries, Inc.",108.27,NONE
MLM,621.5929992675781,9.363860486032046,630.9568597536102,612.229138781546,618.8900146484375,False,False,True,-2.2969970703125777,FLAT,Neutral,"Martin Marietta Materials, Inc.",618.89,NONE
MOS,24.338000297546387,0.3435047779350272,24.68150507548141,23.99449551961136,24.280000686645508,False,False,True,-0.0169998168945322,FLAT,Neutral,Mosaic Company (The),24.28,NONE
MPC,221.24400024414064,4.254989431114916,225.4989896752556,216.9890108130257,221.1000061035156,False,False,True,2.277001953125004,UP,Neutral,Marathon Petroleum Corporation,221.1,NONE
MRK,117.1129997253418,3.1240894895454328,120.23708921488722,113.98891023579635,114.62000274658205,False,False,True,-1.3109992980957157,DOWN,Neutral,"Merck & Company, Inc.",114.62,NONE
MRNA,53.440999603271486,1.6116480938417257,55.05264769711321,51.82935150942976,52.84999847412109,False,False,True,-0.0730007171630912,FLAT,Neutral,"Moderna, Inc.",52.85,NONE
MS,186.95899963378903,4.693237357345565,191.65223699113463,182.2657622764435,188.6499938964844,False,False,True,0.0009979248046741,FLAT,Neutral,Morgan Stanley,188.65,NONE
MSFT,409.352001953125,19.89832145896468,429.2503234120897,389.4536804941603,415.75,False,False,True,0.0769989013671846,FLAT,Neutral,Microsoft Corporation,415.75,NONE
MSI,441.7540008544922,3.705315500759703,445.4593163552519,438.0486853537325,443.1700134277344,False,False,True,-0.2839965820312847,FLAT,Neutral,"Motorola Solutions, Inc.",443.17,NONE
MTB,219.04099731445316,1.4612627595908478,220.502260074044,217.57973455486228,219.6999969482422,False,False,True,-0.0289978027344053,FLAT,Neutral,M&T Bank Corporation,219.7,NONE
MTCH,34.75,1.5245978567068652,36.27459785670686,33.22540214329314,35.65999984741211,False,False,True,0.0720001220703087,FLAT,Neutral,"Match Group, Inc.",35.66,NONE
NDAQ,87.08400115966796,1.6779624694186366,88.7619636290866,85.40603869024933,87.04000091552734,False,False,True,-0.4549995422363329,DOWN,Neutral,"Nasdaq, Inc.",87.04,NONE
NEM,114.67000045776368,3.667309447758407,118.33730990552208,111.00269101000526,111.05999755859376,False,False,True,-1.3870002746582086,DOWN,Neutral,Newmont Corporation,111.06,NONE
NKE,45.0229995727539,1.376186758290351,46.399186331044255,43.64681281446355,44.77999877929688,False,False,True,-0.3299999237060617,FLAT,Neutral,"Nike, Inc.",44.78,NONE
NRG,162.11200103759765,8.493115075455078,170.60511611305273,153.61888596214257,154.52999877929688,False,False,True,-3.397998046875013,DOWN,Neutral,"NRG Energy, Inc.",154.53,NONE
NTAP,103.9770004272461,5.514711622381103,109.4917120496272,98.462288804865,108.4000015258789,False,False,True,1.1970001220702997,FLAT,Neutral,"NetApp, Inc.",108.4,NONE
NTRS,159.79900360107422,6.406190515339301,166.2051941164135,153.39281308573493,165.38999938964844,False,False,True,2.1299987792968675,UP,Neutral,Northern Trust Corporation,165.39,NONE
NVDA,197.7429992675781,4.969371880006955,202.71237114758503,192.7736273875712,199.63999938964844,False,False,True,-0.3639984130859569,FLAT,Neutral,NVIDIA Corporation,199.64,NONE
NVR,6815.740966796875,153.47201760184436,6969.21298439872,6662.268949195031,6669.009765625,False,False,True,-115.00205078125026,DOWN,Neutral,"NVR, Inc.",6669.01,NONE
NWS,29.621999740600582,0.8210804553036154,30.4430801959042,28.80091928529697,30.399999618530277,False,False,True,0.1640001296997023,FLAT,Neutral,News Corporation,30.4,NONE
NWSA,25.693000030517577,0.7165820194380431,26.40958204995562,24.97641801107953,26.309999465942383,False,False,True,0.1279998779296852,FLAT,Neutral,News Corporation,26.31,NONE
O,64.09099960327148,0.6115443698141062,64.7025439730856,63.47945523345738,64.08000183105469,False,False,True,-0.3599987030029422,DOWN,Neutral,Realty Income Corporation,64.08,NONE
OMC,77.36699981689453,1.3200346353542136,78.68703445224875,76.04696518154032,76.81999969482422,False,False,True,-0.4089996337890731,DOWN,Neutral,Omnicom Group Inc.,76.82,NONE
ORCL,170.2449981689453,14.516433292327807,184.7614314612731,155.7285648766175,176.27999877929688,False,False,True,1.2360000610351374,FLAT,Neutral,Oracle Corporation,176.28,NONE
ORLY,93.43599929809572,0.4627016575476117,93.89870095564332,92.9732976405481,93.23999786376952,False,False,True,0.0149993896484302,FLAT,Neutral,"O'Reilly Automotive, Inc.",93.24,NONE
OTIS,80.37099990844726,1.3103986526416598,81.68139856108893,79.0606012558056,79.48999786376953,False,False,True,-0.6730010986328208,DOWN,Neutral,Otis Worldwide Corporation,79.49,NONE
OXY,56.35900077819824,1.4817667655534772,57.84076754375173,54.87723401264476,57.83000183105469,False,False,True,1.0650001525878825,UP,Neutral,Occidental Petroleum Corporatio,57.83,NONE
PANW,167.7690002441406,7.376558738291678,175.1455589824323,160.39244150584892,173.2100067138672,False,False,True,2.23600006103516,UP,Neutral,"Palo Alto Networks, Inc.",173.21,NONE
PAYC,124.84899826049804,5.911402164054491,130.76040042455253,118.93759609644356,125.5,False,False,True,-0.5410003662109473,FLAT,Neutral,"Paycom Software, Inc.",125.5,NONE
PAYX,90.9239990234375,2.5182892430792694,93.44228826651675,88.40570978035824,90.9499969482422,False,False,True,-0.1680000305175909,FLAT,Neutral,"Paychex, Inc.",90.95,NONE
PCAR,126.08300018310548,1.4715289782787406,127.5545291613842,124.61147120482671,126.97000122070312,False,False,True,-0.1599998474121292,FLAT,Neutral,PACCAR Inc.,126.97,NONE
PEG,80.89700088500976,1.488825324122887,82.38582620913265,79.40817556088687,80.16000366210938,False,False,True,-0.5069992065429787,DOWN,Neutral,Public Service Enterprise Group,80.16,NONE
PEP,156.09600067138672,1.415025759723758,157.51102643111048,154.68097491166296,155.6999969482422,False,False,True,-0.7140014648437697,DOWN,Neutral,"Pepsico, Inc.",155.7,NONE
PGR,201.68900146484376,4.003391006517893,205.69239247136164,197.68561045832587,205.3300018310547,False,False,True,0.4430007934569908,FLAT,Neutral,Progressive Corporation (The),205.33,NONE
PH,976.5719970703124,14.53198401954638,991.1039810898588,962.040013050766,973.8800048828124,False,False,True,-7.18499755859386,DOWN,Neutral,Parker-Hannifin Corporation,973.88,NONE
PLD,141.0449996948242,2.8875034610665,143.9325031558907,138.1574962337577,142.33999633789062,False,False,True,-0.9130020141601708,DOWN,Neutral,"Prologis, Inc.",142.34,NONE
PNC,223.41142578125,2.9847804089684176,226.3962061902184,220.4266453722816,225.08999633789065,False,False,True,-0.1410003662109623,FLAT,Neutral,"PNC Financial Services Group, I",225.09,NONE
PNR,89.9522933959961,0.9934130552740092,90.9457064512701,88.95888034072209,90.4800033569336,False,False,True,-0.2029998779296927,FLAT,Neutral,Pentair plc.,90.48,NONE
PNW,102.80999984741212,1.1467811273070478,103.95678097471917,101.66321872010506,103.4499969482422,False,False,True,-0.3330001831054723,DOWN,Neutral,Pinnacle West Capital Corporati,103.45,NONE
POOL,225.81899871826167,6.895470550757438,232.7144692690192,218.9235281675043,228.67999267578125,False,False,True,0.4249999999999668,FLAT,Neutral,Pool Corporation,228.68,NONE
PPG,111.34400100708008,2.156871060041456,113.50087206712152,109.18712994703864,110.29000091552734,False,False,True,-1.2180000305175955,DOWN,Neutral,"PPG Industries, Inc.",110.29,NONE
PPL,38.97400016784668,0.639483055725278,39.61348322357196,38.33451711212141,38.540000915527344,False,False,True,-0.1909999847412173,DOWN,Neutral,PPL Corporation,38.54,NONE
PSX,159.48599853515626,2.237257138037021,161.72325567319328,157.24874139711923,159.52999877929688,False,False,True,1.1220001220702938,UP,Neutral,Phillips 66,159.53,NONE
PTC,137.4000015258789,3.0407125507999697,140.4407140766789,134.35928897507893,135.8300018310547,False,False,True,-0.7970001220703227,DOWN,Neutral,PTC Inc.,135.83,NONE
PVH,92.45699920654296,4.214568398096191,96.67156760463916,88.24243080844678,95.3499984741211,False,False,True,-0.25000000000001,FLAT,Neutral,PVH Corp.,95.35,NONE
PYPL,49.42200050354004,1.971230788535468,51.39323129207551,47.450769715004576,49.75,False,False,True,-0.236000061035157,FLAT,Neutral,"PayPal Holdings, Inc.",49.75,NONE
QCOM,133.89600067138673,2.773154713481395,136.66915538486813,131.12284595790533,133.9499969482422,False,False,True,-0.5949996948242396,FLAT,Neutral,QUALCOMM Incorporated,133.95,NONE
RHI,26.979999923706053,1.7454576557101358,28.72545757941619,25.23454226799592,27.200000762939453,False,False,True,0.0969999313354444,FLAT,Neutral,Robert Half Inc.,27.2,NONE
RJF,152.28800048828126,2.739001550436143,155.0270020387174,149.5489989378451,153.41000366210938,False,False,True,0.5600006103515411,FLAT,Neutral,"Raymond James Financial, Inc.",153.41,NONE
RL,377.8510009765625,7.569938325957311,385.4209393025198,370.2810626506052,371.1400146484375,False,False,True,-4.570996093750046,DOWN,Neutral,Ralph Lauren Corporation,371.14,NONE
ROK,406.46600036621095,6.372331149980393,412.8383315161913,400.0936692162306,408.9100036621094,False,False,True,-2.032003784179713,DOWN,Neutral,"Rockwell Automation, Inc.",408.91,NONE
ROP,358.7200012207031,6.455916944630266,365.17591816533337,352.2640842760729,363.760009765625,False,False,True,0.7500030517577893,FLAT,Neutral,"Roper Technologies, Inc.",363.76,NONE
ROST,224.6439987182617,2.7295354417511057,227.3735341600128,221.91446327651065,226.9199981689453,False,False,True,-0.3710021972656411,FLAT,Neutral,"Ross Stores, Inc.",226.92,NONE
SBAC,218.6140014648437,4.208343463982541,222.82234492882628,214.4056580008612,219.6000061035156,False,False,True,-1.5629989624023768,DOWN,Neutral,SBA Communications Corporation,219.6,NONE
SBUX,98.50599975585938,1.0414001229325272,99.54739987879192,97.46459963292683,99.54000091552734,False,False,True,-0.0349998474121205,FLAT,Neutral,Starbucks Corporation,99.54,NONE
SHW,336.31699523925784,5.002556876327937,341.3195521155858,331.3144383629299,337.6600036621094,False,False,True,-2.4559967041016284,DOWN,Neutral,Sherwin-Williams Company (The),337.66,NONE
SNPS,442.06299743652346,26.139292793462623,468.2022902299861,415.9237046430608,456.8500061035156,False,False,True,3.0850036621093357,FLAT,Neutral,"Synopsys, Inc.",456.85,NONE
SO,94.43000106811525,1.707213301935025,96.13721437005026,92.7227877661802,93.91000366210938,False,False,True,-0.2839996337890753,FLAT,Neutral,Southern Company (The),93.91,NONE
SPG,203.109001159668,2.40805024218008,205.51705140184805,200.7009509174879,203.66000366210935,False,False,True,-1.1019989013672002,DOWN,Neutral,"Simon Property Group, Inc.",203.66,NONE
SPGI,435.6179992675781,10.254579769208618,445.8725790367868,425.3634194983695,439.0299987792969,False,False,True,-0.0760009765625757,FLAT,Neutral,S&P Global Inc.,439.03,NONE
SRE,94.93100051879884,1.923773028136391,96.85477354693522,93.00722749066244,93.91000366210938,False,False,True,-0.1219985961914202,FLAT,Neutral,DBA Sempra,93.91,NONE
STE,223.24500122070316,2.365635487742075,225.6106367084452,220.87936573296105,223.5200042724609,False,False,True,-0.7399978637695588,DOWN,Neutral,STERIS plc (Ireland),223.52,NONE
STT,146.02899780273438,5.284601977692912,151.3135997804273,140.7443958250415,151.25,False,False,True,1.3860015869140514,UP,Neutral,State Street Corporation,151.25,NONE
STZ,161.86900024414064,3.378191843072333,165.24719208721297,158.4908084010683,159.30999755859375,False,False,True,-0.8880004882812654,DOWN,Neutral,"Constellation Brands, Inc.",159.31,NONE
SYY,74.70199966430664,1.2196423729000383,75.92164203720668,73.4823572914066,75.80999755859375,False,False,True,-0.1650001525878976,FLAT,Neutral,Sysco Corporation,75.81,NONE
TDY,645.2640014648438,8.090412532097309,653.354413996941,637.1735889327465,651.75,False,False,True,4.27999877929683,UP,Neutral,Teledyne Technologies Incorpora,651.75,NONE
TEAM,66.41600151062012,5.483773383444244,71.89977489406436,60.93222812717588,67.62000274658203,False,False,True,0.3889999389648395,FLAT,Neutral,Atlassian Corporation,67.62,NONE
TGT,125.6970001220703,5.10502241036966,130.80202253243996,120.59197771170064,130.1699981689453,False,False,True,0.5080017089843474,FLAT,Neutral,Target Corporation,130.17,NONE
TJX,159.53600006103517,1.225744271722048,160.76174433275722,158.31025578931312,158.35000610351562,False,False,True,-0.5879974365234442,DOWN,Neutral,"TJX Companies, Inc. (The)",158.35,NONE
TMUS,193.9860000610352,3.42960066867104,197.4156007297062,190.5563993923641,194.07000732421875,False,False,True,-1.6639984130859538,DOWN,Neutral,"T-Mobile US, Inc.",194.07,NONE
TRGP,237.77399749755855,3.642772346569757,241.41676984412837,234.13122515098885,239.91000366210935,False,False,True,1.4040008544921416,UP,Neutral,"Targa Resources, Inc.",239.91,NONE
TRMB,67.65199966430664,1.5352078513039762,69.18720751561062,66.11679181300266,67.04000091552734,False,False,True,-0.4910003662109405,DOWN,Neutral,Trimble Inc.,67.04,NONE
TSLA,378.71900634765626,17.94587434374358,396.66488069139984,360.7731320039127,373.7200012207031,False,False,True,-5.878997802734444,DOWN,Neutral,"Tesla, Inc.",373.72,NONE
TTWO,210.6239990234375,7.236562169116598,217.8605611925541,203.3874368543209,209.8999938964844,False,False,True,-0.2940002441406683,FLAT,Neutral,"Take-Two Interactive Software, ",209.9,NONE
TXT,91.16399993896484,1.119794333028761,92.2837942719936,90.04420560593609,90.37000274658205,False,False,True,-0.4519996643066412,DOWN,Neutral,Textron Inc.,90.37,NONE
TYL,335.00299377441405,10.821514697043348,345.8245084714574,324.1814790773707,335.739990234375,False,False,True,-1.328997802734392,FLAT,Neutral,"Tyler Technologies, Inc.",335.74,NONE
UDR,34.825970840454104,0.459235439380058,35.28520627983416,34.366735401074045,34.90999984741211,False,False,True,-0.2020000457763736,DOWN,Neutral,"UDR, Inc.",34.91,NONE
UHS,180.73899841308597,1.517486288740744,182.25648470182668,179.2215121243452,181.17999267578125,False,False,True,-0.1460021972656372,FLAT,Neutral,"Universal Health Services, Inc.",181.18,NONE
ULTA,548.2919982910156,18.90914178746172,567.2011400784774,529.3828565035539,564.4400024414062,False,False,True,1.383001708984331,FLAT,Neutral,"Ulta Beauty, Inc.",564.44,NONE
USB,56.41099967956543,0.5195394410845968,56.930539120650025,55.89146023848083,56.630001068115234,False,False,True,-0.1000000000000037,FLAT,Neutral,U.S. Bancorp,56.63,NONE
V,311.7200012207031,3.8461939822311786,315.5661952029343,307.87380723847195,308.8800048828125,False,False,True,-1.8929962158203435,DOWN,Neutral,Visa Inc.,308.88,NONE
VICI,28.425000190734863,0.2840677765343514,28.709067967269213,28.140932414200517,28.51000022888184,False,False,True,-0.1579999923706087,DOWN,Neutral,VICI Properties Inc.,28.51,NONE
VLO,234.4730010986328,5.934244652622729,240.40724575125557,228.53875644601007,233.8300018310547,False,False,True,2.844001770019531,UP,Neutral,Valero Energy Corporation,233.83,NONE
VMC,292.6539947509765,3.507100405103221,296.1610951560798,289.1468943458733,292.7099914550781,False,False,True,-0.2660003662109763,FLAT,Neutral,Vulcan Materials Company (Holdi,292.71,NONE
VRSK,175.38699951171876,5.770263068785525,181.15726258050427,169.61673644293325,177.13999938964844,False,False,True,-0.2720016479492335,FLAT,Neutral,"Verisk Analytics, Inc.",177.14,NONE
VTR,83.99800033569336,1.7474352711892431,85.74543560688261,82.25056506450412,82.93000030517578,False,False,True,-0.8889999389648555,DOWN,Neutral,"Ventas, Inc.",82.93,NONE
VTRS,14.263000011444092,0.4978855105476032,14.760885521991694,13.76511450089649,14.75,False,False,True,-0.0210000038146988,FLAT,Neutral,Viatris Inc.,14.75,NONE
WEC,115.51800003051758,1.315310390855235,116.8333104213728,114.20268963966237,115.56999969482422,False,False,True,-0.236000823974622,FLAT,Neutral,"WEC Energy Group, Inc.",115.57,NONE
WELL,208.56900024414065,3.94958688665862,212.51858713079923,204.619413357482,208.2400054931641,False,False,True,-1.430999755859382,DOWN,Neutral,Welltower Inc.,208.24,NONE
WFC,82.13000106811523,2.1417848716412986,84.27178593975653,79.98821619647394,80.51000213623047,False,False,True,-0.3190002441406339,FLAT,Neutral,Wells Fargo & Company,80.51,NONE
WMB,71.25800094604492,0.6422487190785521,71.90024966512347,70.61575222696636,71.6500015258789,False,False,True,0.1189994812011667,FLAT,Neutral,"Williams Companies, Inc. (The)",71.65,NONE
WTW,291.8870025634766,5.501492135755632,297.38849469923224,286.38551042772093,290.8900146484375,False,False,True,-1.8660003662109756,DOWN,Neutral,Willis Towers Watson Public Lim,290.89,NONE
WY,24.807999992370604,0.3594689451582138,25.167468937528817,24.44853104721239,25.0,False,False,True,-0.1010000228881868,DOWN,Neutral,Weyerhaeuser Company,25.0,NONE
WYNN,106.4199996948242,1.9351498608287343,108.35514955565294,104.48484983399548,105.61000061035156,False,False,True,-0.9310005187988406,DOWN,Neutral,"Wynn Resorts, Limited",105.61,NONE
XEL,80.04300079345703,1.2806244030811849,81.32362519653822,78.76237639037583,79.4800033569336,False,False,True,-0.5409996032714868,DOWN,Neutral,Xcel Energy Inc.,79.48,NONE
XOM,149.78899841308595,2.09706279825968,151.88606121134563,147.69193561482626,150.52999877929688,False,False,True,0.999999999999998,UP,Neutral,Exxon Mobil Corporation,150.53,NONE
XRAY,12.177000141143798,0.3072115080585103,12.484211649202308,11.869788633085289,11.899999618530272,False,False,True,-0.1840001106262216,DOWN,Neutral,DENTSPLY SIRONA Inc.,11.9,NONE
XYL,124.23300170898438,3.786022350548971,128.01902405953334,120.4469793584354,121.69000244140624,False,False,True,0.2160003662109274,FLAT,Neutral,Xylem Inc.,121.69,NONE
YUM,161.09599914550782,1.16513384425666,162.2611329897645,159.93086530125117,160.72999572753906,False,False,True,-0.6880004882812638,DOWN,Neutral,"Yum! Brands, Inc.",160.73,NONE
ZBRA,230.3969985961914,4.992447094476991,235.3894456906684,225.4045515017144,226.8699951171875,False,False,True,-2.131999206543001,DOWN,Neutral,Zebra Technologies Corporation,226.87,NONE
A,,,,,,,,,,,,"Agilent Technologies, Inc.",114.42,NONE
AAPL,,,,,,,,,,,,Apple Inc.,273.43,NONE
ABBV,,,,,,,,,,,,AbbVie Inc.,200.95,NONE
ABT,,,,,,,,,,,,Abbott Laboratories,92.48,NONE
ACN,,,,,,,,,,,,Accenture plc,178.28,NONE
ADI,,,,,,,,,,,,"Analog Devices, Inc.",403.88,NONE
ADM,,,,,,,,,,,,Archer-Daniels-Midland Company,70.03,NONE
AES,,,,,,,,,,,,The AES Corporation,14.5,NONE
AIG,,,,,,,,,,,,"American International Group, I",76.33,NONE
AIZ,,,,,,,,,,,,"Assurant, Inc.",230.46,NONE
ALLE,,,,,,,,,,,,Allegion plc,147.42,NONE
AMAT,,,,,,,,,,,,"Applied Materials, Inc.",403.91,NONE
AMCR,,,,,,,,,,,,Amcor plc,39.64,NONE
AMD,,,,,,,,,,,,"Advanced Micro Devices, Inc.",305.33,NONE
AMZN,,,,,,,,,,,,"Amazon.com, Inc.",255.08,NONE
ANET,,,,,,,,,,,,"Arista Networks, Inc.",172.55,NONE
APA,,,,,,,,,,,,APA Corporation,38.66,NONE
APD,,,,,,,,,,,,"Air Products and Chemicals, Inc",303.65,NONE
AVGO,,,,,,,,,,,,Broadcom Inc.,419.94,NONE
AXP,,,,,,,,,,,,American Express Company,318.55,NONE
BA,,,,,,,,,,,,Boeing Company (The),234.15,NONE
BAC,,,,,,,,,,,,Bank of America Corporation,52.47,NONE
BBWI,,,,,,,,,,,,"Bath & Body Works, Inc.",20.5,NONE
BBY,,,,,,,,,,,,"Best Buy Co., Inc.",61.5,NONE
BG,,,,,,,,,,,,Bunge Limited,126.42,NONE
BIIB,,,,,,,,,,,,Biogen Inc.,187.88,NONE
BIO,,,,,,,,,,,,"Bio-Rad Laboratories, Inc.",281.42,NONE
BKR,,,,,,,,,,,,Baker Hughes Company,64.49,NONE
BSX,,,,,,,,,,,,Boston Scientific Corporation,65.69,NONE
BWA,,,,,,,,,,,,BorgWarner Inc.,56.14,NONE
CAH,,,,,,,,,,,,"Cardinal Health, Inc.",204.72,NONE
CAT,,,,,,,,,,,,"Caterpillar, Inc.",835.24,NONE
CCL,,,,,,,,,,,,Carnival Corporation,26.65,NONE
CF,,,,,,,,,,,,"CF Industries Holdings, Inc.",125.59,NONE
CI,,,,,,,,,,,,The Cigna Group,279.72,NONE
CINF,,,,,,,,,,,,Cincinnati Financial Corporatio,168.18,NONE
CLX,,,,,,,,,,,,Clorox Company (The),97.66,NONE
CMCSA,,,,,,,,,,,,Comcast Corporation,31.64,NONE
CME,,,,,,,,,,,,CME Group Inc.,285.47,NONE
CMI,,,,,,,,,,,,Cummins Inc.,656.93,NONE
CNC,,,,,,,,,,,,Centene Corporation,41.09,NONE
COO,,,,,,,,,,,,"The Cooper Companies, Inc.",64.95,NONE
COP,,,,,,,,,,,,ConocoPhillips,124.37,NONE
COR,,,,,,,,,,,,"Cencora, Inc.",311.39,NONE
COST,,,,,,,,,,,,Costco Wholesale Corporation,1014.38,NONE
CPRT,,,,,,,,,,,,"Copart, Inc.",33.88,NONE
CRL,,,,,,,,,,,,Charles River Laboratories Inte,167.74,NONE
CSX,,,,,,,,,,,,CSX Corporation,46.18,NONE
CTRA,,,,,,,,,,,,Coterra Energy Inc.,33.65,NONE
CTSH,,,,,,,,,,,,Cognizant Technology Solutions ,55.1,NONE
CTVA,,,,,,,,,,,,"Corteva, Inc.",79.63,NONE
CVS,,,,,,,,,,,,CVS Health Corporation,78.86,NONE
CZR,,,,,,,,,,,,"Caesars Entertainment, Inc.",27.93,NONE
DHR,,,,,,,,,,,,Danaher Corporation,178.57,NONE
DOV,,,,,,,,,,,,Dover Corporation,228.15,NONE
DPZ,,,,,,,,,,,,Domino's Pizza Inc,372.39,NONE
DRI,,,,,,,,,,,,"Darden Restaurants, Inc.",202.34,NONE
DVA,,,,,,,,,,,,DaVita Inc.,155.03,NONE
DVN,,,,,,,,,,,,Devon Energy Corporation,48.15,NONE
EA,,,,,,,,,,,,Electronic Arts Inc.,202.51,NONE
EFX,,,,,,,,,,,,"Equifax, Inc.",174.93,NONE
ELV,,,,,,,,,,,,"Elevance Health, Inc.",346.29,NONE
EMN,,,,,,,,,,,,Eastman Chemical Company,71.92,NONE
ENPH,,,,,,,,,,,,"Enphase Energy, Inc.",36.16,NONE
EPAM,,,,,,,,,,,,"EPAM Systems, Inc.",120.77,NONE
EQIX,,,,,,,,,,,,"Equinix, Inc.",1115.29,NONE
EQT,,,,,,,,,,,,EQT Corporation,58.93,NONE
ETN,,,,,,,,,,,,"Eaton Corporation, PLC",424.5,NONE
EXPD,,,,,,,,,,,,Expeditors International of Was,149.75,NONE
FANG,,,,,,,,,,,,"Diamondback Energy, Inc.",195.59,NONE
FCX,,,,,,,,,,,,"Freeport-McMoRan, Inc.",61.48,NONE
FITB,,,,,,,,,,,,Fifth Third Bancorp,50.89,NONE
FMC,,,,,,,,,,,,FMC Corporation,14.45,NONE
FTV,,,,,,,,,,,,Fortive Corporation,61.11,NONE
GD,,,,,,,,,,,,General Dynamics Corporation,318.71,NONE
GE,,,,,,,,,,,,GE Aerospace,282.34,NONE
GEHC,,,,,,,,,,,,GE HealthCare Technologies Inc.,69.89,NONE
GILD,,,,,,,,,,,,"Gilead Sciences, Inc.",133.64,NONE
GL,,,,,,,,,,,,Globe Life Inc.,153.97,NONE
GNRC,,,,,,,,,,,,Generac Holdlings Inc.,218.38,NONE
HAL,,,,,,,,,,,,Halliburton Company,39.65,NONE
HAS,,,,,,,,,,,,"Hasbro, Inc.",96.58,NONE
HIG,,,,,,,,,,,,"The Hartford Insurance Group, I",139.61,NONE
HII,,,,,,,,,,,,"Huntington Ingalls Industries, ",370.14,NONE
HOLX,,,,,,,,,,,,"Hologic, Inc.",76.01,NONE
HON,,,,,,,,,,,,Honeywell International Inc.,214.34,NONE
HRL,,,,,,,,,,,,Hormel Foods Corporation,21.76,NONE
HUBB,,,,,,,,,,,,Hubbell Inc,557.85,NONE
HUM,,,,,,,,,,,,Humana Inc.,214.95,NONE
IBM,,,,,,,,,,,,International Business Machines,231.08,NONE
ICE,,,,,,,,,,,,Intercontinental Exchange Inc.,157.48,NONE
IDXX,,,,,,,,,,,,"IDEXX Laboratories, Inc.",560.93,BUY
IEX,,,,,,,,,,,,IDEX Corporation,206.64,NONE
IFF,,,,,,,,,,,,International Flavors & Fragran,70.94,NONE
ILMN,,,,,,,,,,,,"Illumina, Inc.",125.44,NONE
INCY,,,,,,,,,,,,Incyte Corporation,95.47,NONE
INVH,,,,,,,,,,,,Invitation Homes Inc.,27.3,NONE
IP,,,,,,,,,,,,International Paper Company,33.54,NONE
IQV,,,,,,,,,,,,"IQVIA Holdings, Inc.",160.68,NONE
ISRG,,,,,,,,,,,,"Intuitive Surgical, Inc.",478.82,NONE
IVZ,,,,,,,,,,,,Invesco Ltd,25.37,NONE
JBHT,,,,,,,,,,,,"J.B. Hunt Transport Services, I",253.71,NONE
KDP,,,,,,,,,,,,Keurig Dr Pepper Inc.,28.53,NONE
KEYS,,,,,,,,,,,,Keysight Technologies Inc.,346.53,NONE
KLAC,,,,,,,,,,,,KLA Corporation,1815.43,NONE
KR,,,,,,,,,,,,Kroger Company (The),69.1,NONE
L,,,,,,,,,,,,Loews Corporation,112.42,NONE
LDOS,,,,,,,,,,,,"Leidos Holdings, Inc.",147.6,NONE
LEN,,,,,,,,,,,,Lennar Corporation,94.18,NONE
LHX,,,,,,,,,,,,"L3Harris Technologies, Inc.",330.22,NONE
LIN,,,,,,,,,,,,Linde plc,508.06,NONE
LKQ,,,,,,,,,,,,LKQ Corporation,31.37,NONE
LMT,,,,,,,,,,,,Lockheed Martin Corporation,529.79,NONE
LRCX,,,,,,,,,,,,Lam Research Corporation,258.56,NONE
LULU,,,,,,,,,,,,lululemon athletica inc.,141.66,NONE
LUV,,,,,,,,,,,,Southwest Airlines Company,37.75,NONE
LVS,,,,,,,,,,,,Las Vegas Sands Corp.,51.95,NONE
LYV,,,,,,,,,,,,"Live Nation Entertainment, Inc.",153.21,NONE
MA,,,,,,,,,,,,Mastercard Incorporated,502.38,NONE
MAS,,,,,,,,,,,,Masco Corporation,75.4,NONE
MCHP,,,,,,,,,,,,Microchip Technology Incorporat,90.64,NONE
MCK,,,,,,,,,,,,McKesson Corporation,836.1,NONE
MKC,,,,,,,,,,,,"McCormick & Company, Incorporat",51.89,NONE
MKTX,,,,,,,,,,,,"MarketAxess Holdings, Inc.",163.61,NONE
MMM,,,,,,,,,,,,3M Company,144.84,NONE
MNST,,,,,,,,,,,,Monster Beverage Corporation,77.56,NONE
MO,,,,,,,,,,,,"Altria Group, Inc.",67.15,NONE
MPWR,,,,,,,,,,,,"Monolithic Power Systems, Inc.",1592.17,NONE
MSCI,,,,,,,,,,,,MSCI Inc.,598.01,NONE
MTD,,,,,,,,,,,,"Mettler-Toledo International, I",1264.36,NONE
MU,,,,,,,,,,,,"Micron Technology, Inc.",481.72,NONE
NCLH,,,,,,,,,,,,Norwegian Cruise Line Holdings ,18.42,NONE
NDSN,,,,,,,,,,,,Nordson Corporation,283.83,NONE
NEE,,,,,,,,,,,,"NextEra Energy, Inc.",96.25,NONE
NFLX,,,,,,,,,,,,"Netflix, Inc.",92.82,NONE
NI,,,,,,,,,,,,NiSource Inc,48.29,NONE
NOC,,,,,,,,,,,,Northrop Grumman Corporation,587.66,NONE
NOW,,,,,,,,,,,,"ServiceNow, Inc.",84.78,NONE
NSC,,,,,,,,,,,,Norfolk Southern Corporation,321.44,NONE
NUE,,,,,,,,,,,,Nucor Corporation,212.95,NONE
NXPI,,,,,,,,,,,,NXP Semiconductors N.V.,241.16,NONE
ODFL,,,,,,,,,,,,"Old Dominion Freight Line, Inc.",222.78,NONE
OKE,,,,,,,,,,,,"ONEOK, Inc.",87.21,NONE
ON,,,,,,,,,,,,ON Semiconductor Corporation,97.78,NONE
PCG,,,,,,,,,,,,Pacific Gas & Electric Co.,16.83,NONE
PDD,,,,,,,,,,,,PDD Holdings Inc.,97.77,NONE
PFE,,,,,,,,,,,,"Pfizer, Inc.",26.67,NONE
PFG,,,,,,,,,,,,Principal Financial Group Inc,97.0,NONE
PG,,,,,,,,,,,,Procter & Gamble Company (The),145.71,NONE
PHM,,,,,,,,,,,,"PulteGroup, Inc.",130.64,NONE
PKG,,,,,,,,,,,,Packaging Corporation of Americ,215.02,NONE
PM,,,,,,,,,,,,Philip Morris International Inc,169.19,NONE
PODD,,,,,,,,,,,,Insulet Corporation,192.21,NONE
PRU,,,,,,,,,,,,"Prudential Financial, Inc.",94.35,NONE
PSA,,,,,,,,,,,,Public Storage,310.82,NONE
PWR,,,,,,,,,,,,"Quanta Services, Inc.",633.44,NONE
QRVO,,,,,,,,,,,,"Qorvo, Inc.",84.65,NONE
RCL,,,,,,,,,,,,Royal Caribbean Cruises Ltd.,260.43,NONE
REG,,,,,,,,,,,,Regency Centers Corporation,80.74,NONE
REGN,,,,,,,,,,,,"Regeneron Pharmaceuticals, Inc.",766.02,NONE
RF,,,,,,,,,,,,Regions Financial Corporation,28.4,NONE
RMD,,,,,,,,,,,,ResMed Inc.,219.51,NONE
ROL,,,,,,,,,,,,"Rollins, Inc.",56.99,NONE
RSG,,,,,,,,,,,,"Republic Services, Inc.",214.04,NONE
RTX,,,,,,,,,,,,RTX Corporation,179.3,NONE
SCHW,,,,,,,,,,,,Charles Schwab Corporation (The,88.92,NONE
SEDG,,,,,,,,,,,,"SolarEdge Technologies, Inc.",47.36,NONE
SEE,,,,,,,,,,,,Sealed Air Corporation,42.15,NONE
SJM,,,,,,,,,,,,The J.M. Smucker Company,96.19,NONE
SLB,,,,,,,,,,,,SLB Limited,54.74,NONE
SNA,,,,,,,,,,,,Snap-On Incorporated,390.75,NONE
STX,,,,,,,,,,,,Seagate Technology Holdings PLC,587.62,NONE
SWK,,,,,,,,,,,,"Stanley Black & Decker, Inc.",76.01,NONE
SWKS,,,,,,,,,,,,"Skyworks Solutions, Inc.",61.55,NONE
SYK,,,,,,,,,,,,Stryker Corporation,329.65,NONE
T,,,,,,,,,,,,AT&T Inc.,26.61,NONE
TAP,,,,,,,,,,,,Molson Coors Beverage Company,42.87,NONE
TDG,,,,,,,,,,,,Transdigm Group Incorporated,1165.76,NONE
TECH,,,,,,,,,,,,Bio-Techne Corp,52.2,NONE
TEL,,,,,,,,,,,,TE Connectivity plc,217.73,NONE
TER,,,,,,,,,,,,"Teradyne, Inc.",400.99,NONE
TFC,,,,,,,,,,,,Truist Financial Corporation,51.4,NONE
TFX,,,,,,,,,,,,Teleflex Incorporated,136.65,NONE
TMO,,,,,,,,,,,,Thermo Fisher Scientific Inc,466.7,NONE
TPR,,,,,,,,,,,,"Tapestry, Inc.",146.45,NONE
TROW,,,,,,,,,,,,"T. Rowe Price Group, Inc.",99.49,NONE
TRV,,,,,,,,,,,,"The Travelers Companies, Inc.",307.33,NONE
TSCO,,,,,,,,,,,,Tractor Supply Company,38.17,NONE
TSN,,,,,,,,,,,,"Tyson Foods, Inc.",65.23,NONE
TT,,,,,,,,,,,,Trane Technologies plc,485.53,NONE
TXN,,,,,,,,,,,,Texas Instruments Incorporated,282.23,NONE
UAL,,,,,,,,,,,,"United Airlines Holdings, Inc.",91.25,NONE
UNH,,,,,,,,,,,,UnitedHealth Group Incorporated,354.56,NONE
UNP,,,,,,,,,,,,Union Pacific Corporation,271.26,NONE
UPS,,,,,,,,,,,,"United Parcel Service, Inc.",107.72,NONE
URI,,,,,,,,,,,,"United Rentals, Inc.",986.78,NONE
VRSN,,,,,,,,,,,,"VeriSign, Inc.",276.95,NONE
VRTX,,,,,,,,,,,,Vertex Pharmaceuticals Incorpor,435.1,NONE
VZ,,,,,,,,,,,,Verizon Communications Inc.,47.22,NONE
WAB,,,,,,,,,,,,Westinghouse Air Brake Technolo,269.45,NONE
WAT,,,,,,,,,,,,Waters Corporation,311.2,NONE
WBD,,,,,,,,,,,,"Warner Bros. Discovery, Inc. - ",26.9,NONE
WDAY,,,,,,,,,,,,"Workday, Inc.",114.67,NONE
WDC,,,,,,,,,,,,Western Digital Corporation,403.12,NONE
WHR,,,,,,,,,,,,Whirlpool Corporation,54.2,NONE
WM,,,,,,,,,,,,"Waste Management, Inc.",232.8,NONE
WMT,,,,,,,,,,,,Walmart Inc.,132.03,NONE
WRB,,,,,,,,,,,,W.R. Berkley Corporation,68.45,NONE
WST,,,,,,,,,,,,"West Pharmaceutical Services, I",309.7,NONE
ZBH,,,,,,,,,,,,"Zimmer Biomet Holdings, Inc.",92.44,NONE
ZION,,,,,,,,,,,,Zions Bancorporation N.A.,62.63,NONE
ZTS,,,,,,,,,,,,Zoetis Inc.,116.06,NONE
